"--large-name1--","standards(JAXBElement<String>,JAXBElement<BigInteger>,JAXBElement<BigDecimal>,JAXBElement<Calendar>,JAXBElement<Date>,JAXBElement<QName>,JAXBElement<URI>,JAXBElement<XMLGregorianCalendar>,JAXBElement<Duration>,JAXBElement<Object>,JAXBElement<Image>,JAXBElement<DataHandler>,JAXBElement<Source>,JAXBElement<UUID>)"
"--large-name10--","handle(Mono<TestBean>,Flux<TestBean>,Single<TestBean>,io.reactivex.Single<TestBean>,Observable<TestBean>,io.reactivex.Observable<TestBean>,Flowable<TestBean>,CompletableFuture<TestBean>,TestBean,Map<String,String>,List<TestBean>,Mono<List<TestBean>>,Set<TestBean>,TestBean[])"
"--large-name5--","WebMergedContextConfiguration(Class<?>,String[],Class<?>[],Set<Class<? extends ApplicationContextInitializer<? extends ConfigurableApplicationContext>>>,String[],String[],String[],String,ContextLoader,CacheAwareContextLoaderDelegate,MergedContextConfiguration)"
"--large-name4--","buildMergedContextConfiguration(Class<?>,String[],Class<?>[],Set<Class<? extends ApplicationContextInitializer<? extends ConfigurableApplicationContext>>>,String[],String[],String[],ContextLoader,CacheAwareContextLoaderDelegate,MergedContextConfiguration)"
"--large-name2--","WebMergedContextConfiguration(Class<?>,String[],Class<?>[],Set<Class<? extends ApplicationContextInitializer<? extends ConfigurableApplicationContext>>>,String[],String,ContextLoader,CacheAwareContextLoaderDelegate,MergedContextConfiguration)"
"--large-name8--","WebMergedContextConfiguration(Class<?>,String[],Class<?>[],Set<Class<? extends ApplicationContextInitializer<? extends ConfigurableApplicationContext>>>,String[],String[],String[],Set<ContextCustomizer>,String,ContextLoader,CacheAwareContextLoaderDelegate,MergedContextConfiguration)"
"--large-name7--","MergedContextConfiguration(Class<?>,String[],Class<?>[],Set<Class<? extends ApplicationContextInitializer<? extends ConfigurableApplicationContext>>>,String[],String[],String[],Set<ContextCustomizer>,ContextLoader,CacheAwareContextLoaderDelegate,MergedContextConfiguration)"
"--large-name9--","handle(String,Mono<String>,HttpEntity<String>,HttpEntity<Mono<String>>,HttpEntity<Flux<String>>,HttpEntity<Single<String>>,HttpEntity<io.reactivex.Single<String>>,HttpEntity<Observable<String>>,HttpEntity<io.reactivex.Observable<String>>,HttpEntity<Flowable<String>>,HttpEntity<CompletableFuture<String>>,RequestEntity<String>)"
"--large-name11--","handle(String,Mono<String>,Flux<String>,Single<String>,io.reactivex.Single<String>,Observable<String>,io.reactivex.Observable<String>,CompletableFuture<String>,String,Mono<String>,Flux<String>,Single<String>,io.reactivex.Single<String>,Observable<String>,io.reactivex.Observable<String>,CompletableFuture<String>,String)"
"--large-name6--","handle(SimpleBean,SimpleBean,SimpleBean,MultipartFile,List<MultipartFile>,MultipartFile[],int,MultipartFile,Part,List<Part>,Part[],MultipartFile,Optional<MultipartFile>,Optional<List<MultipartFile>>,Optional<Part>,Optional<List<Part>>,Optional<SimpleBean>)"
"--large-name3--","MergedContextConfiguration(Class<?>,String[],Class<?>[],Set<Class<? extends ApplicationContextInitializer<? extends ConfigurableApplicationContext>>>,String[],String[],String[],ContextLoader,CacheAwareContextLoaderDelegate,MergedContextConfiguration)"